{"cameraMode":{"drawMode":0,"name":"Shaded","section":"Shading Mode"},"sceneLighting":true,"audioPlay":false,"sceneViewState":{"showFog":true,"showMaterialUpdate":false,"showSkybox":true,"showFlares":true,"showImageEffects":true,"showParticleSystems":true},"in2DMode":false,"pivot":{"x":628.6036376953125,"y":247.96141052246095,"z":-111.39141845703125},"rotation":{"x":0.010687964037060738,"y":0.14942476153373719,"z":-0.0016160099767148495,"w":0.9887092709541321},"size":39.93532180786133,"orthographic":false}