{"cameraMode":{"drawMode":0,"name":"Shaded","section":"Shading Mode"},"sceneLighting":false,"audioPlay":false,"sceneViewState":{"showFog":true,"showMaterialUpdate":false,"showSkybox":true,"showFlares":true,"showImageEffects":true,"showParticleSystems":true},"in2DMode":false,"pivot":{"x":230.084228515625,"y":0.15220849215984345,"z":317.82501220703127},"rotation":{"x":-0.12779726088047028,"y":-0.6295307874679565,"z":0.10600294172763825,"w":-0.7590373754501343},"size":0.28912273049354555,"orthographic":false}