{"cameraMode":{"drawMode":0,"name":"Shaded","section":"Shading Mode"},"sceneLighting":false,"audioPlay":false,"sceneViewState":{"showFog":true,"showMaterialUpdate":false,"showSkybox":true,"showFlares":true,"showImageEffects":true,"showParticleSystems":true},"in2DMode":false,"pivot":{"x":227.89015197753907,"y":2.1527295112609865,"z":319.1308288574219},"rotation":{"x":-0.256415992975235,"y":0.6173791289329529,"z":-0.22313381731510163,"w":-0.7094777822494507},"size":0.28912273049354555,"orthographic":false}