{"cameraMode":{"drawMode":0,"name":"Shaded","section":"Shading Mode"},"sceneLighting":false,"audioPlay":false,"sceneViewState":{"showFog":true,"showMaterialUpdate":false,"showSkybox":true,"showFlares":true,"showImageEffects":true,"showParticleSystems":true},"in2DMode":false,"pivot":{"x":254.8734588623047,"y":-44.31769561767578,"z":345.7597351074219},"rotation":{"x":-0.3935535252094269,"y":-0.3452918231487274,"z":0.1625274270772934,"w":-0.8364179134368897},"size":32.947601318359378,"orthographic":false}