{"cameraMode":{"drawMode":0,"name":"Shaded","section":"Shading Mode"},"sceneLighting":true,"audioPlay":false,"sceneViewState":{"showFog":true,"showMaterialUpdate":false,"showSkybox":true,"showFlares":true,"showImageEffects":true,"showParticleSystems":true},"in2DMode":false,"pivot":{"x":210.29124450683595,"y":1.869032621383667,"z":318.5691223144531},"rotation":{"x":-0.08015930652618408,"y":-0.711292564868927,"z":0.08325107395648956,"w":-0.6935200095176697},"size":0.8732975721359253,"orthographic":false}